{"tuan1109": [{"time": "2025-04-11 07:30:12", "input": [8.0, 125.0, 96.0, 29.0, 125.0, 32.0, 0.232, 54.0], "result": "B\u1ecb ti\u1ec3u \u0111\u01b0\u1eddng"}, {"time": "2025-04-26 13:44:17", "input": [1.0, 89.0, 66.0, 23.0, 94.0, 28.1, 0.167, 21.0], "result": "Kh\u00f4ng b\u1ecb ti\u1ec3u \u0111\u01b0\u1eddng"}, {"time": "2025-05-06 09:25:45", "input": [0.0, 118.0, 84.0, 47.0, 230.0, 45.8, 0.551, 31.0], "result": "B\u1ecb ti\u1ec3u \u0111\u01b0\u1eddng"}, {"time": "2025-05-06 09:28:14", "input": [11.0, 143.0, 94.0, 33.0, 146.0, 36.6, 0.254, 51.0], "result": "B\u1ecb ti\u1ec3u \u0111\u01b0\u1eddng"}, {"time": "2025-05-06 09:28:51", "input": [1.0, 103.0, 80.0, 11.0, 82.0, 19.4, 0.491, 22.0], "result": "Kh\u00f4ng b\u1ecb ti\u1ec3u \u0111\u01b0\u1eddng"}, {"time": "2025-05-06 09:29:31", "input": [0.0, 100.0, 88.0, 60.0, 110.0, 46.8, 0.962, 31.0], "result": "Kh\u00f4ng b\u1ecb ti\u1ec3u \u0111\u01b0\u1eddng"}], "patuan": [{"time": "2025-04-26 13:45:58", "input": [2.0, 197.0, 70.0, 45.0, 7.0, 30.5, 0.158, 53.0], "result": "B\u1ecb ti\u1ec3u \u0111\u01b0\u1eddng"}]}